,№,Официальное наименование,Координаты,Район,Количество маршрутов
0,3219,"Пр. Солидарности, 19","59.916037323856045,30.4972858",Красногвардейский,5
1,3220,Ул. Передовиков,"59.941753484211333,30.4667587",Красногвардейский,4
2,3221,Ул. Дыбенко,"59.912161401879899,30.4997177",Красногвардейский,5
3,3222,Индустриальный пр,"59.944469731476048,30.4772091",Красногвардейский,4
4,3223,Ул. Осипенко,"59.944863124155063,30.4842777",Красногвардейский,4
5,3224,Пр. Энтузиастов,"59.951098629844694,30.4860306",Красногвардейский,3
6,3225,Товарищеский пр,"59.908877470750021,30.491703",Невский,3
7,3226,"Ул. Руставели, 29","60.006434740156884,30.4359303",Калининский,3
8,3227,Пр. Наставников,"59.944965747564503,30.4896259",Красногвардейский,4
9,3228,Пр. Ударников,"59.9546622264345,30.4823055",Красногвардейский,3
10,3229,Ленская ул,"59.939943669504281,30.4892311",Красногвардейский,1
11,3230,"Ст. метро ""Улица Дыбенко""","59.906901476625777,30.483387",Невский,3
12,3232,"Пр. Науки, 73","60.004693334693151,30.4313679",Калининский,3
13,3233,Хасанская ул,"59.936498248280792,30.4881611",Красногвардейский,1
14,3234,Ул. Карпинского,"60.006602046834196,30.4235611",Калининский,3
15,3236,Торговый центр,"59.905329501302049,30.476738",Невский,3
16,3237,"Пр. Науки, 30","60.008442364422571,30.4165096",Калининский,3
17,3239,Заневская пл,"59.928049121664529,30.4125481",Красногвардейский,6
18,3240,"Конечная станция ""Ул. Кораблестроителей""","59.956536209862691,30.234993",Приморский,2
19,3241,Искровский пр,"59.903644425505604,30.4695263",Невский,3
20,3242,Ул. Софьи Ковалевской,"60.010204056739653,30.409481",Калининский,3
21,3243,Дальневосточный пр,"59.901301617079064,30.4593887",Невский,3
22,3244,Таллинская ул,"59.925002938717661,30.4158707",Красногвардейский,6
23,3245,"Ст. метро ""Академическая""","60.013013693479387,30.3981571",Калининский,3
24,3246,"Пр. Науки, 10","60.014870722062774,30.3903713",Калининский,3
25,3247,Ул. Евдокима Огнева,"59.897071127687596,30.4607239",Невский,3
26,3248,Рижская ул,"59.922733521774219,30.4189243",Красногвардейский,6
27,3249,Ул. Обручевых,"60.016372654174496,30.3816891",Калининский,3
28,3250,Ул. Крыленко,"59.894248218059275,30.4619446",Невский,3
29,3251,Светлановский пр,"60.018045180083696,30.3674488",Калининский,3
30,3252,"Парк ""Сосновка""","60.02537940151359,30.3661537",Калининский,3
31,3253,Уральская ул,"59.954761399746005,30.2354107",Приморский,2
32,3254,Ул. Тельмана,"59.889773551901676,30.4636307",Невский,3
33,3256,Ул. Академика Байкова,"60.029637895268692,30.3653145",Калининский,3
34,3257,Пр. Луначарского,"60.035782398394254,30.3659592",Калининский,3
35,3259,Ул. Руднева,"60.03746417586725,30.3596306",Калининский,3
36,3260,Пр. Художников,"60.039913345677959,30.3475819",Выборгский,3
37,3261,Пр. Косыгина,"59.945020479919648,30.4891682",Красногвардейский,4
38,3262,Народная ул,"59.882299584280517,30.4693756",Невский,3
39,3263,Ул. Есенина,"60.042532869467635,30.3341198",Выборгский,3
40,3265,"Универсам ""Гаванский""","59.951143091663504,30.2333069",Василеостровский,2
41,3266,"Ст. метро ""Ломоносовская""","59.879252629219692,30.4467602",Невский,3
42,3267,Пр. Энгельса,"60.043730004519418,30.3292198",Выборгский,3
43,3268,"Ст. метро ""Новочеркасская""","59.928257894748675,30.4125271",Красногвардейский,6
44,3270,Парк им. Бабушкина,"59.88376298308566,30.444212",Невский,2
45,3272,"Ст. метро ""Приморская""","59.948687341885467,30.2318211",Василеостровский,2
46,3274,"Ст. метро ""Ладожская""","59.932149047675075,30.4402409",Красногвардейский,4
47,3275,Ул. Нахимова,"59.943043216262318,30.2310734",Василеостровский,2
48,3276,Ул. Дудко,"59.887662780438987,30.4422283",Невский,2
49,3277,Малый пр. В.О,"59.938318515416313,30.2332039",Василеостровский,2
50,3278,"Конечная станция ""Пл. Репина""","59.917643028196053,30.2789078",Приморский,1
51,3280,Ул. Крупской,"59.891240047934801,30.4402885",Невский,2
52,3281,Гаванская ул,"59.937747126529302,30.2373295",Василеостровский,2
53,3282,Ул. Шаврова,"60.023154393240759,30.2311783",Приморский,2
54,3283,Ул. Ткачей. ДК им. Крупской,"59.894498315611607,30.4373894",Невский,2
55,3284,Шкиперский проток,"59.934061944947416,30.2389698",Василеостровский,2
56,3285,Дом детского творчества,"60.021413868238803,30.233242",Приморский,2
57,3286,Средний пр. В.О,"59.931957409668541,30.2400513",Василеостровский,2
58,3287,Невский рынок,"59.901709222818511,30.4253845",Невский,2
59,3288,28-29-я линии В.О,"59.934342539562444,30.2489796",Василеостровский,2
60,3289,Школа,"60.01757415073476,30.2377701",Приморский,2
61,3290,Невский завод,"59.904384225409196,30.4214172",Невский,2
62,3291,22-23-я линии В.О,"59.937032021177465,30.2578106",Василеостровский,2
63,3292,Долгоозёрная ул,"60.013839810986504,30.2421246",Приморский,2
64,3293,Музей городского наземного транспорта,"59.938493009461354,30.2627449",Василеостровский,1
65,3295,Пл. Тургенева,"59.917934032394669,30.2889347",Адмиралтейский,3
66,3296,"ДК ""Невский""","59.906124060222361,30.4183102",Невский,3
67,3297,Ул. Ильюшина,"60.008872553765649,30.2479744",Приморский,2
68,3298,12-13-я линии В.О,"59.940802402975578,30.2707024",Василеостровский,1
69,3299,Лермонтовский пр,"59.919501987575536,30.2945385",Адмиралтейский,3
70,3300,"Ст. метро ""Василеостровская""","59.942920060991653,30.2780895",Василеостровский,1
71,3301,Слободская ул,"59.915013603994652,30.403307",Красногвардейский,3
72,3302,1-я и Кадетская линии В.О,"59.945075212184449,30.2853222",Василеостровский,1
73,3303,Ул. Профессора Качалова,"59.917013080955719,30.4014492",Красногвардейский,3
74,3304,"Ст. метро ""Озерки""","60.036478316699451,30.322691",Выборгский,4
75,3305,"Ст. метро ""Спортивная""","59.95132093834242,30.2937984",Петроградский,1
76,3306,Поклонная гора,"60.031872702435415,30.320282",Выборгский,3
77,3307,"Ст. метро ""Площадь Александра Невского""","59.924811259426697,30.3881264",Невский,4
78,3308,Олонецкая ул,"60.023751611089651,30.3194427",Выборгский,3
79,3309,Зверинская ул,"59.951649268165596,30.3059254",Петроградский,1
80,3310,Рашетова ул,"60.021045274712968,30.3204803",Выборгский,3
81,3311,Троицкий пр,"59.915862711664943,30.2992821",Адмиралтейский,1
82,3313,Стародеревенская ул,"59.984424828863737,30.2443447",Приморский,2
83,3314,Введенская ул,"59.954781918325125,30.3077927",Петроградский,1
84,3315,1-я Красноармейская ул,"59.915955153527598,30.3094082",Центральный,1
85,3316,Республиканская ул,"59.933350182105642,30.4076672",Красногвардейский,2
86,3317,"Ст. метро ""Технологический институт""","59.916044171374232,30.3175716",Центральный,1
87,3318,Сытный рынок,"59.956378908758779,30.3110447",Петроградский,1
88,3319,"Витебский вокзал. Ст. метро ""Пушкинская""","59.92055295536597,30.3285713",Центральный,1
89,3320,Ул. Помяловского,"59.936635113945094,30.4080811",Красногвардейский,2
90,3321,"Ст. метро ""Горьковская""","59.956573825233434,30.3188992",Петроградский,1
91,3322,"Ст. метро ""Звенигородская""","59.922932059165198,30.3343964",Центральный,1
92,3324,Красногвардейская пл,"59.941356633487153,30.4086609",Красногвардейский,2
93,3326,Ул. Марата,"59.919947026859063,30.3391991",Центральный,1
94,3327,"Ст. метро ""Удельная""","60.016744713174724,30.3185921",Выборгский,1
95,3328,Горохов пер,"59.984397495230205,30.2489147",Приморский,2
96,3329,Среднеохтинский пр,"59.944240535328433,30.4129543",Красногвардейский,2
97,3331,Социалистическая ул,"59.921182835418932,30.3446045",Центральный,1
98,3333,"Гостиница ""Санкт-Петербург""","59.958088663315301,30.3425045",Красногвардейский,1
99,3334,Шепетовская ул,"59.946853961602478,30.4142628",Красногвардейский,2
100,3336,Разъезжая ул,"59.922552098636878,30.3494606",Центральный,1
101,3339,"Большая Пороховская ул., 21","59.953376366284921,30.4165573",Красногвардейский,1
102,3341,"Ст. метро ""Лиговский проспект""","59.921395074917747,30.3544159",Невский,3
103,3343,Пл. Военных Медиков,"59.959111054389901,30.347084",Центральный,1
104,3345,Ул. Академика Лебедева,"59.95814337400445,30.3524494",Калининский,1
105,3347,"Конечная станция ""Пр. Культуры"" (посадки и высадки нет)","60.052869092232683,30.3779907",Выборгский,1
106,3348,"Большая Пороховская ул., 46","59.953178011075622,30.430563",Красногвардейский,1
107,3349,Курская ул,"59.911757348630204,30.3483639",Центральный,3
108,3350,Ул. Комсомола,"59.95607456319869,30.3513126",Калининский,2
109,3352,"Пр. Культуры, 26","60.048818196851563,30.3773556",Калининский,2
110,3353,Пр. Энергетиков,"59.953089092837807,30.4357643",Красногвардейский,1
111,3355,Пл. Ленина,"59.955315396923176,30.3545914",Калининский,2
112,3356,Пр. Просвещения,"60.045394325299412,30.3743095",Калининский,2
113,3358,Тамбовская ул,"59.90683298251966,30.3486214",Центральный,3
114,3359,Салтыковская дорога,"59.953013854142554,30.4406128",Красногвардейский,1
115,3360,"Пр. Культуры, 11","60.040721736513895,30.3700924",Калининский,2
116,3361,Финляндский вокзал,"59.956977332888378,30.355751",Калининский,2
117,3362,Пр. Культуры,"60.036181529803557,30.3654194",Калининский,3
118,3363,Днепропетровская ул,"59.905966519878618,30.3523235",Невский,3
119,3365,Бокситогорская ул,"59.952948875131931,30.4491615",Красногвардейский,1
120,3369,Расстанный пер,"59.905723358315669,30.356369",Невский,1
121,3370,Манчестерская ул,"60.011081453751991,30.3245201",Выборгский,2
122,3373,Пр. Науки,"60.016475056151847,30.3694401",Калининский,3
123,3374,Удельный парк,"60.005704043931502,30.3266582",Выборгский,2
124,3375,Ул. Чапаева,"59.957821947412029,30.3338242",Центральный,1
125,3378,Старообрядческий мост,"59.904822617574986,30.3635826",Невский,1
126,3379,Ириновский пр,"59.958355377071733,30.4785213",Красногвардейский,3
127,3380,Ж.-д. станция Ланская,"59.994061944188644,30.3312988",Выборгский,3
128,3382,1-й Муринский пр,"59.988405048280171,30.3345089",Выборгский,3
129,3383,Ул. Лазо,"59.959986387567263,30.4819736",Красногвардейский,1
130,3386,Ул. Коммуны,"59.961730146459274,30.4881306",Красногвардейский,1
131,3388,"Ст. метро ""Лесная""","59.985354158974573,30.3418274",Выборгский,2
132,3391,Ул. Александра Матросова,"59.981489751052763,30.3436832",Выборгский,2
133,3393,Литовская ул,"59.976760277302354,30.3443146",Выборгский,2
134,3394,"Конечная станция ""Приморский пр."" (посадки и высадки нет)","59.984031905711582,30.2409801",Приморский,2
135,3396,Волковский пр,"59.901342720405623,30.3660202",Невский,1
136,3398,"Ст. метро ""Выборгская""","59.970895338404112,30.34832",Выборгский,2
137,3402,"Конечная станция ""Ул. Самойловой"" (посадки и высадки нет)","59.900859753105607,30.3716927",Невский,1
138,3404,Ул. Покрышева,"59.983874735144731,30.2642193",Приморский,2
139,3410,Серебряков пер,"59.983755148343938,30.2697525",Приморский,2
140,3414,Ул. Оскаленко,"59.984417995457477,30.2775021",Приморский,2
141,3415,Ул. Самойловой,"59.900493241318379,30.3712997",Невский,1
142,3418,Мгинская ул,"59.900736441180065,30.3705635",Невский,1
143,3420,Ул. Академика Шиманского,"59.985203827931542,30.2870598",Приморский,2
144,3424,Карельский пер,"59.985760732693272,30.2947006",Приморский,2
145,3427,Енотаевская ул,"60.016655965536614,30.3224468",Выборгский,2
146,3431,"Ст. метро ""Чёрная речка""","59.986512368433978,30.3003044",Петроградский,2
147,3433,Новочеркасский пр,"59.94041238335867,30.4084663",Красногвардейский,2
148,3437,Наб. Чёрной речки,"59.987294734778892,30.3054028",Приморский,3
149,3439,Наличная ул,"59.937610265454197,30.2347622",Василеостровский,2
150,3441,Ул. Антонова-Овсеенко,"59.904815767741894,30.4543514",Невский,4
151,3444,"Торговый комплекс ""Лента""","59.908124072649883,30.4482841",Невский,4
152,3446,Торжковский рынок,"59.990557242212603,30.3158054",Приморский,3
153,3447,Ул. Коллонтай,"59.912048404432532,30.4398918",Красногвардейский,4
154,3450,Зольная ул,"59.918314045800692,30.4254494",Красногвардейский,4
155,3451,"Ст. метро ""Рыбацкое""","59.832011408266773,30.5026379",Невский,2
156,3452,Большая Пороховская ул,"59.95285653631872,30.415041",Красногвардейский,2
157,3453,Шлиссельбургский пр,"59.835622121625015,30.5081291",Невский,2
158,3456,Шоссе Революции,"59.958987958807207,30.4156361",Красногвардейский,1
159,3457,Большой Сампсониевский пр,"59.994673350266666,30.3304119",Выборгский,2
160,3458,Ул. Дмитрия Устинова,"59.838257832449116,30.5013847",Невский,2
161,3460,"Универсам T (24, 27)","59.839929067027676,30.4955616",Невский,2
162,3463,"Шлиссельбургский пр., 1","59.841583060541019,30.4898205",Невский,2
163,3465,Пискарёвский пр,"59.962906277099442,30.4095497",Калининский,1
164,3466,Смоляная ул,"59.911812135799721,30.4075203",Красногвардейский,3
165,3467,Рыбацкий пр,"59.847035166752093,30.4829845",Невский,2
166,3468,Ул. Асафьева,"60.046973306195198,30.330616",Выборгский,3
167,3469,Лиговский пр,"59.907463122966469,30.3464527",Центральный,3
168,3472,Прогонная ул,"59.850678556141489,30.4801731",Невский,2
169,3473,Феодосийская ул,"59.963579798228061,30.3987541",Калининский,1
170,3474,Запорожская ул,"59.855017854480643,30.4781075",Невский,2
171,3475,"Ул. Жукова, 13, по требованию","59.965319949323295,30.3926525",Калининский,1
172,3477,Ул. Бабушкина,"59.858650080974066,30.4762707",Невский,2
173,3478,Кондратьевский пр,"59.967678750837571,30.3846226",Калининский,1
174,3479,"Ст. метро ""Проспект Просвещения""","60.052286039431927,30.3345547",Выборгский,2
175,3480,"Конечная станция ""Ст. метро ""Купчино""","59.831218509091379,30.3781509",Фрунзенский,4
176,3482,Ул. Ватутина,"59.964126810387768,30.3806858",Калининский,1
177,3483,Ул. Грибакиных,"59.860203688499837,30.4712906",Невский,2
178,3485,"Завод ""Красный Выборжец""","59.960765961709349,30.3770523",Калининский,1
179,3486,Малая Балканская ул,"59.83110523623963,30.384861",Невский,4
180,3487,Пр. Елизарова,"59.898821622252477,30.4301014",Невский,2
181,3488,Трамвайный парк № 7,"59.862525390558623,30.4724445",Невский,2
182,3489,Ул. Шостаковича,"60.056261505109184,30.3375072",Выборгский,3
183,3490,Арсенальная ул,"59.957336382178873,30.3730259",Калининский,1
184,3491,Кузнечный пер,"59.926351508141316,30.3582001",Невский,3
185,3492,"Ст. метро ""Пролетарская""","59.864980662808378,30.469429",Невский,3
186,3493,Ул. Михайлова,"59.954477558098105,30.3616295",Калининский,1
187,3494,Купчинская ул,"59.832910690978423,30.3919106",Фрунзенский,4
188,3497,"Конечная станция ""Придорожная аллея""","60.059247903622776,30.3436794",Выборгский,3
189,3498,Ул. Шелгунова,"59.868310079062724,30.4638863",Невский,3
190,3501,Администрация Невского района,"59.878282617536122,30.449688",Невский,3
191,3503,Дунайский пр,"59.83653160271065,30.3891201",Невский,2
192,3504,Свечной пер,"59.924746225129965,30.3511581",Невский,3
193,3509,Пловдивская ул,"59.841064909586407,30.38451",Невский,2
194,3514,"Ул. Димитрова. Киноцентр ""Чайка""","59.846012750421039,30.3794994",Невский,2
195,3521,Будапештская ул,"59.848143320797156,30.3864117",Невский,2
196,3522,Ул. Жукова,"59.967145471277206,30.3859959",Калининский,1
197,3524,Бухарестская ул,"59.851422966104707,30.399189",Фрунзенский,2
198,3527,"Ст. метро ""Проспект Славы""","59.855035004734781,30.3965759",Фрунзенский,4
199,3529,Звенигородская ул,"59.919916216639415,30.3399849",Центральный,1
200,3532,Пр. Славы,"59.859795573460914,30.3917542",Фрунзенский,4
201,3533,Рабфаковская ул,"59.858873009249685,30.4760113",Невский,2
202,3538,Универсам,"59.862443087790744,30.3891315",Фрунзенский,4
203,3544,Школа искусств,"59.864702910654167,30.3868504",Фрунзенский,4
204,3548,Ул. Турку,"59.868135215853499,30.3832607",Фрунзенский,4
205,3552,Измайловский пр,"59.916033900096423,30.3080502",Центральный,1
206,3554,"Ст. метро ""Международная""","59.870932916868426,30.3805008",Невский,4
207,3556,Новосибирская ул,"59.988948234239146,30.3102207",Выборгский,3
208,3559,"Дальневосточный пр., 11","59.911818984189559,30.4402103",Красногвардейский,4
209,3560,"Бухарестская ул., 72","59.87476565939442,30.3765316",Невский,4
210,3563,Садовая ул,"59.919447213097421,30.2953892",Адмиралтейский,1
211,3566,Университет профсоюзов,"59.878412868099964,30.3729191",Невский,4
212,3569,Прибрежная ул,"59.83627420492369,30.5071602",Невский,2
213,3571,"Ст. метро ""Бухарестская""","59.883622472179468,30.36763",Невский,4
214,3573,Наб. р. Фонтанки,"59.91708840136377,30.28302",Адмиралтейский,3
215,3575,Университет кино и телевидения,"59.887741594120854,30.3633804",Невский,2
216,3577,"Бухарестская ул., 6","59.890623305153298,30.3604717",Невский,2
217,3578,Пр. Солидарности,"59.911856650308394,30.4998817",Красногвардейский,5
218,3580,"Ст. метро ""Волковская""","59.897341758120533,30.3541164",Невский,2
219,3581,Ж.-д. станция Ржевка,"59.980505638771355,30.5090218",Невский,1
220,3584,Церковь Святого Иова,"59.901274214833073,30.3530293",Невский,2
221,3585,Ковалёвская ул,"59.9771601216748,30.5058994",Невский,1
222,3588,Лесопарковая ул,"59.969340066737495,30.5034809",Невский,1
223,3590,Лесопарк,"59.963795185344004,30.4957123",Невский,1
224,3592,"Ст. метро ""Проспект Большевиков""","59.919454059912134,30.469429",Красногвардейский,4
225,3603,"Конечная станция ""Посёлок Стрельна""","59.851248014107917,30.0620499",Красносельский,1
226,3604,Ул. Подвойского,"59.917954573771091,30.4955139",Красногвардейский,4
227,3606,"Конечная станция ""Река Оккервиль""","59.908880895247805,30.4946709",Невский,4
228,3613,"Конечная станция ""Тихорецкий пр.""","60.011962241342836,30.3675022",Калининский,2
229,3614,"Конечная станция ""Пр. Мечникова"" (посадки и высадки нет)","59.983451054247247,30.4273796",Красногвардейский,3
230,3616,2-й Муринский пр,"59.998730887536858,30.3610172",Калининский,3
231,3619,Кикенка,"59.849395524772959,30.0668716",Красносельский,1
232,3621,Болотная ул,"59.999827156910271,30.3533401",Калининский,3
233,3624,Институтский пр,"60.000547737862675,30.3482895",Выборгский,3
234,3627,Ул. Орбели,"60.001613212686088,30.3408451",Выборгский,3
235,3628,"Петергофское шоссе, спортивный комплекс ""Атлантика""","59.853117551569554,30.1011696",Красносельский,1
236,3630,Светлановская пл,"60.003214775335969,30.3299923",Выборгский,3
237,3631,Каменный остров,"59.980338200089143,30.299139",Приморский,1
238,3633,Железнодорожный переезд,"59.849004430508508,30.1243114",Красносельский,2
239,3634,Вяземский пер,"59.975201863408984,30.2990742",Приморский,1
240,3636,Ул. Профессора Попова,"59.97156527907709,30.3017788",Выборгский,1
241,3637,Рижский пр,"59.913763869727752,30.2776966",Адмиралтейский,2
242,3638,Ул. Пограничника Гарькавого,"59.847093491569034,30.1461124",Красносельский,2
243,3639,Ул. Димитрова,"59.852023284591041,30.3994198",Фрунзенский,4
244,3640,Пр. Мечникова,"59.984219826061931,30.4267521",Красногвардейский,3
245,3641,Наб. Обводного канала,"59.910110267129348,30.2756977",Центральный,2
246,3642,Чкаловский пр,"59.969391340593972,30.3030472",Петроградский,1
247,3644,Лифляндская ул,"59.909014450386053,30.2654877",Кировский,1
248,3645,Пр. Непокорённых,"59.991469320269978,30.4339199",Калининский,3
249,3646,"Петергофское шоссе, 43","59.846822451847721,30.1569118",Красносельский,2
250,3647,Каменноостровский пр,"59.969333230217281,30.3068848",Петроградский,1
251,3648,"Купчинская ул. Киноцентр ""Чайка""","59.846520531584837,30.3796444",Фрунзенский,2
252,3649,"Лифляндская ул., 3","59.90713435552972,30.2626705",Кировский,1
253,3650,Большой пр. П.С,"59.967801814132223,30.3135777",Петроградский,1
254,3651,Южно-Приморский парк,"59.846541117144305,30.1712341",Красносельский,2
255,3653,Парк Екатерингоф,"59.902397688378763,30.2591667",Кировский,1
256,3654,Ул. Льва Толстого,"59.965887444452214,30.3144398",Петроградский,1
257,3655,Аллея Славы,"59.846397017960655,30.1786385",Красносельский,2
258,3656,Промышленная ул,"59.897663771206084,30.2537079",Кировский,1
259,3657,1-й Медицинский институт,"59.965265250483924,30.3188591",Петроградский,1
260,3659,"Ст. метро ""Звёздная""","59.833154385546663,30.3486519",Московский,1
261,3660,Ул. Ярослава Гашека,"59.833398078331648,30.3920918",Невский,2
262,3661,"Петергофское шоссе, 15","59.846191160901846,30.1874428",Красносельский,2
263,3662,Большая Монетная ул,"59.963668688318634,30.3271065",Петроградский,1
264,3663,Ул. Верности,"59.997760949140869,30.4383869",Калининский,3
265,3664,Ул. Трефолева,"59.894042657017494,30.2511196",Кировский,1
266,3665,"Ул. Ленсовета, 87","59.835879524452579,30.3435535",Невский,1
267,3666,Оборонная ул,"59.892404975287079,30.2552223",Кировский,1
268,3667,Ул. Десантников,"59.846040198249554,30.1962433",Красносельский,1
269,3670,"Конечная станция ""Ленинградский электромеханический завод""","59.854239223631744,30.119833",Красносельский,1
270,3671,"Пр. Юрия Гагарина, театр ""Алеко""","59.838975066599218,30.3378658",Невский,1
271,3672,"Петергофское шоссе, 5","59.845896096897299,30.2040424",Красносельский,1
272,3673,Тихорецкий пр,"60.016580871195202,30.3684387",Калининский,3
273,3674,Ул. Орджоникидзе,"59.843933511614374,30.3304291",Невский,1
274,3676,Ул. Куйбышева,"59.95785614187858,30.3330727",Центральный,1
275,3677,"Тихорецкий пр., 6","60.011931516589286,30.3687286",Калининский,3
276,3678,Ул. Калинина,"59.894282478109254,30.2507343",Кировский,1
277,3679,Алтайская ул,"59.849203408866487,30.3301315",Невский,1
278,3680,Большой пр. В.О,"59.933473372921256,30.2626801",Василеостровский,1
279,3681,Пр. Маршала Жукова,"59.845724546855017,30.2108192",Красносельский,1
280,3683,"Ст. метро ""Политехническая""","60.008753057287279,30.3694801",Калининский,4
281,3684,26-27-я линии В.О,"59.929767182389718,30.2591381",Василеостровский,1
282,3686,"Пр. Стачек, 111","59.846963118307698,30.2208996",Красносельский,2
283,3688,Балтийский завод,"59.927895107891501,30.2573624",Василеостровский,1
284,3689,Авиационная ул,"59.854842921383472,30.3298111",Московский,1
285,3690,Детская ул,"59.926515797117375,30.2549343",Василеостровский,1
286,3691,Московский пр,"59.854997274163999,30.3219757",Московский,3
287,3692,"Ст. метро ""Площадь Мужества""","60.000677509067636,30.3656006",Калининский,4
288,3693,Ул. Лёни Голикова,"59.848215366686816,30.2265816",Красносельский,2
289,3694,Ул. Гастелло,"59.858022444113388,30.3211803",Московский,3
290,3695,Кронштадтская пл,"59.850819206304415,30.2343082",Красносельский,2
291,3697,Пл. Братьев Стругацких,"59.861472585628036,30.3209991",Московский,3
292,3699,"Старо-Петергофский пр., 12","59.910254090391824,30.275938",Центральный,2
293,3700,Соломахинский проезд,"59.854397009328665,30.2434082",Красносельский,2
294,3704,Трамвайный пр,"59.858708385436564,30.253067",Невский,2
295,3705,Новороссийская ул,"59.994283964461928,30.359972",Калининский,5
296,3707,"Ст. метро ""Парк Победы""","59.86599563860976,30.3207092",Московский,3
297,3710,Кузнецовская ул,"59.871474601385117,30.3204193",Московский,3
298,3712,Ж.-д. станция Кушелевка,"59.991213121107421,30.3523407",Калининский,5
299,3713,Трамвайный парк № 3,"59.960482171491421,30.3311119",Выборгский,1
300,3714,Благодатная ул. Университет МЧС,"59.875533526058177,30.3201809",Московский,3
301,3715,"Ст. метро ""Автово""","59.869036951567821,30.2569866",Кировский,1
302,3716,Витебский пр,"59.877792459524557,30.3471222",Московский,2
303,3717,Пр. Юрия Гагарина,"59.876174544020827,30.3345203",Московский,2
304,3718,"Ст. метро ""Электросила""","59.880274024354584,30.3200092",Московский,3
305,3719,Ул. Зенитчиков,"59.87128604132041,30.2561874",Кировский,4
306,3720,Ул. Севастьянова,"59.876061424101991,30.3285809",Московский,2
307,3721,Администрация Московского района,"59.884575193023586,30.3199406",Московский,3
308,3725,Заставская ул. Кукольный театр сказки,"59.888553706825306,30.3198013",Московский,3
309,3726,Корабельная ул,"59.875896885351146,30.254385",Кировский,4
310,3728,Петропавловская ул,"59.965538743777593,30.3150883",Петроградский,1
311,3729,Детская музыкальная школа,"59.893977562422442,30.3193836",Московский,2
312,3732,Комсомольская пл,"59.877744471638508,30.2572765",Кировский,2
313,3735,Трамвайный парк № 1,"59.8967628118493,30.3192787",Московский,2
314,3742,Ул. Васи Алексеева,"59.878488276087886,30.2670784",Кировский,2
315,3743,Песочная наб,"59.975492362788643,30.299221",Приморский,1
316,3744,Ул. Возрождения,"59.881734085046595,30.2703819",Кировский,2
317,3750,"Тихорецкий пр., 7","60.013153656988742,30.3686161",Калининский,4
318,3752,Пр. Стачек,"59.890129902685317,30.273222",Кировский,2
319,3756,Баррикадная ул,"59.891993829120885,30.2624168",Кировский,2
320,3758,Ул. Ленсовета,"59.855124185913809,30.3302212",Московский,2
321,3760,"Бухарестская ул., 118","59.846681784793248,30.40485",Фрунзенский,2
322,3761,"Конечная станция ""Оборонная ул.""","59.892795559432251,30.257513",Кировский,1
323,3762,"2-й Муринский пр., 51","59.99858403249393,30.361578",Калининский,3
324,3765,"Ст. метро ""Дунайская""","59.838782890543193,30.4128208",Невский,2
325,3769,Загребский бульвар,"59.837272897220245,30.4082584",Невский,2
326,3775,"Ст. метро ""Комендантский проспект""","60.00707323251968,30.2577286",Приморский,2
327,3778,Благодатная ул,"59.876215678441341,30.3198891",Московский,3
328,3780,Ул. Маршала Новикова,"60.007004945155138,30.2668266",Приморский,2
329,3783,Ул. Маршала Говорова,"59.889101957344032,30.27672",Кировский,2
330,3788,Пр. Сизова,"60.006318649311943,30.2722111",Приморский,2
331,3789,Огородный пер,"59.885963100773232,30.2743492",Кировский,2
332,3791,Ул. Олеко Дундича,"59.832759668097495,30.4191875",Невский,2
333,3795,Байконурская ул,"60.00573477447179,30.2766857",Приморский,2
334,3803,Ул. Типанова,"59.85377272241255,30.32967",Московский,1
335,3805,Серебристый бульвар,"60.005212351403394,30.2807484",Приморский,2
336,3806,Ул. Новостроек,"59.876352792808774,30.2646503",Кировский,2
337,3808,"Пр. Испытателей, 11","60.003993332150912,30.2899914",Приморский,2
338,3810,"Конечная станция ""Суздальский пр.""","60.046373097731404,30.4064903",Калининский,2
339,3811,"Ст. метро ""Пионерская""","60.003095258412856,30.2969913",Приморский,2
340,3813,Тимуровская ул,"60.04448373395384,30.4026108",Калининский,2
341,3820,Ул. Брянцева,"60.038412483217691,30.4055614",Калининский,2
342,3824,Ул. Ушинского,"60.037307259076009,30.4110584",Калининский,2
343,3826,"Ст. метро ""Гражданский проспект""","60.035615239362606,30.4193611",Калининский,2
344,3827,"Конечная станция ""Мясокомбинат""","59.829450722194245,30.3478909",Невский,1
345,3829,"Пр. Просвещения, 106","60.034141474152754,30.4265938",Фрунзенский,2
346,3832,Ул. Руставели,"60.033319275637034,30.4306145",Фрунзенский,2
347,3834,Платформа Новая Охта,"60.032469762730557,30.4326019",Фрунзенский,2
348,3837,Лужская ул,"60.026914979357549,30.432312",Фрунзенский,2
349,3841,"Вещевой рынок ""Гражданский""","60.017761880627553,30.4330292",Фрунзенский,3
350,3844,"Конечная станция ""Завод ""Северная верфь""","59.875516386370812,30.2438965",Кировский,4
351,3845,Пр. Авиаконструкторов,"60.008353594496491,30.2491703",Приморский,2
352,3846,"Ул. Руставели, 37","60.012518695827268,30.4342365",Фрунзенский,3
353,3848,Кировский завод,"59.87659274159104,30.2480812",Кировский,4
354,3853,Кронштадтская ул,"59.87624310136006,30.2531681",Кировский,4
355,3857,"Ул. Маршала Казакова, 10","59.859641242939865,30.2399635",Красносельский,2
356,3858,Петергофское шоссе,"59.845824045987221,30.2102623",Красносельский,1
357,3861,"Ул. Маршала Казакова, 22","59.859723552640183,30.2290211",Красносельский,2
358,3873,Ул. Солдата Корзуна,"59.841768357600245,30.2054596",Красносельский,1
359,3875,Ул. Котина,"59.859987628220544,30.2145309",Красносельский,1
360,3876,Ул. Кустодиева,"60.047795164858329,30.3599186",Калининский,2
361,3881,Ул. Ольги Форш,"60.04154716159109,30.3906097",Калининский,2
362,3882,Ленинский пр,"59.856458445013054,30.202879",Красносельский,1
363,3883,Ул. Демьяна Бедного,"60.042652243856701,30.3851967",Калининский,2
364,3884,Ул. Ивана Фомина,"60.050608426562199,30.3459988",Выборгский,2
365,3887,Поликлиника № 96,"60.043542422122279,30.3810616",Калининский,2
366,3888,Ул. Маршала Захарова,"59.852747082765752,30.1995487",Красносельский,1
367,3890,"Пр. Маршала Жукова, 60","59.839290781997512,30.2018299",Красносельский,1
368,3894,Ул. Рихарда Зорге,"59.849923837797554,30.1973667",Красносельский,1
369,3895,Ул. Бурцева,"59.836981186072393,30.1987495",Красносельский,1
370,3901,Пр. Ветеранов,"59.833473588410186,30.1940289",Красносельский,1
371,3906,Авангардная ул,"59.833226463880052,30.1826706",Красносельский,1
372,3908,Ул. Партизана Германа,"59.833271083722536,30.1770115",Красносельский,1
373,3913,Ул. Добровольцев,"59.833432401115836,30.165781",Красносельский,1
374,3915,Ул. Маршала Казакова,"59.859620665482971,30.2058659",Красносельский,1
375,3916,Елизаветинская ул,"60.047310918661275,30.3137493",Выборгский,1
376,3917,Ул. Тамбасова,"59.834709183553763,30.156826",Красносельский,1
377,3919,"Санкт-Петербургское шоссе, спортивный комплекс ""Атлантика""","59.853271912353847,30.100481",Красносельский,1
378,3920,Ул. Хошимина,"60.050250388386388,30.3120308",Выборгский,1
379,3922,"Выборгское шоссе, 17","60.054011300325776,30.3098297",Выборгский,1
380,3923,Пр. Будённого,"59.852510392203996,30.0922184",Кировский,1
381,3926,Ул. Лётчика Пилютова,"59.835635849826055,30.14114",Красносельский,1
382,3927,"Ул. Лётчика Пилютова, 46","59.830923312368469,30.1400547",Красносельский,1
383,3928,Ул. Жени Егоровой,"60.062349926416147,30.3040581",Выборгский,1
384,3929,"Ул. Лётчика Пилютова, 50","59.827023724058193,30.1399117",Красносельский,1
385,3931,"Конечная станция ""Ж.-д. платформа Сосновая Поляна""","59.825533796021141,30.1455631",Красносельский,1
386,3932,"Суздальский пр., 5","60.066825188275132,30.3090096",Выборгский,1
387,3933,"Ул. Пограничника Гарькавого, 40","59.830847796507449,30.14715",Красносельский,1
388,3934,"Конечная станция ""Ул. Жени Егоровой""","60.064712040496964,30.3172913",Выборгский,1
389,4055,Лесной пр,"59.988473374048212,30.3405304",Выборгский,2
390,4057,"Конечная станция ""Ст. метро ""Рыбацкое"" (посадки и высадки нет)","59.833782491494048,30.4991379",Невский,2
391,4058,"Конечная станция ""Трамвайный парк № 1"" (посадки и высадки нет)","59.898407129918404,30.3183594",Московский,2
392,4066,"Конечная станция ""Ул. Шаврова"" (посадки и высадки нет)","60.024475083399025,30.23386",Приморский,2
393,4068,"Удельный парк (оборотная, посадки/высадки нет)","60.000725319383236,30.3113899",Выборгский,1
394,4070,"Невский завод (оборотная, посадки/высадки нет)","59.905445946470749,30.4182777",Невский,1
395,4071,"Конечная станция ""Хасанская ул."" (посадки и высадки нет)","59.935502533571352,30.4838066",Красногвардейский,1
396,4074,"Студенческая ул., ж.-д. станция Ланская","59.993419784858546,30.3255997",Выборгский,3
397,4078,"Пр. Луначарского (оборотная, посадки/высадки нет)","60.020802956359297,30.4332409",Выборгский,1
398,4080,"Конечная станция ""Малая Балканская ул."" (посадки и высадки нет)","59.82746313711344,30.4218884",Невский,2
399,4082,"Конечная станция ""Ж.-д. станция Ручьи""","60.00485040639915,30.4383869",Фрунзенский,1
400,4084,"Конечная станция ""Ж.-д. станция Ржевка"" (посадки и высадки нет)","59.980163926275608,30.5104218",Невский,1
401,4089,"Ж.-д. станция Кушелевка (оборотная, посадки/высадки нет)","59.990970584072507,30.3535004",Калининский,2
402,4090,"Ст. метро ""Московские ворота"" (оборотная, посадки/высадки нет)","59.892141157082051,30.3194008",Московский,1
403,4091,"Конечная станция ""Детская ул."" (посадки и высадки нет)","59.926252249824074,30.2536411",Василеостровский,1
404,4092,"Конечная станция ""Пр. Юрия Гагарина"" (посадки и высадки нет)","59.856204631207788,30.3363609",Московский,2
405,4095,"Ул. Маршала Казакова (оборотная, посадки/высадки нет)","59.860334009894565,30.2261105",Кировский,1
406,5837,"Ст. метро ""Обводный канал""","59.914626704989843,30.350359",Невский,3
407,5841,Расстанная ул,"59.908045307315987,30.3458004",Фрунзенский,3
408,5910,Придорожная аллея,"60.051532488100321,30.3793907",Выборгский,2
409,5962,Ул. Александра Невского,"59.926731425163858,30.3863506",Невский,3
410,5964,Исполкомская ул,"59.928025164013462,30.3822689",Невский,3
411,5966,Перекупной пер,"59.930629601641108,30.3807697",Центральный,3
412,5975,Нейшлотский пер,"59.967931713780551,30.34972",Центральный,1
413,5976,Боткинская ул,"59.958533185050015,30.3530464",Калининский,1
414,5982,"Конечная станция ""Обуховский завод""","59.86283059487841,30.4738312",Невский,1
415,6491,"Конечная станция ""Пр. Солидарности"" (посадки и высадки нет)","59.917393104906502,30.4980583",Красногвардейский,3
416,6496,Кронверкский пр,"59.949402195899538,30.3061295",Центральный,1
417,6497,Пр. Добролюбова,"59.949802370602541,30.3066387",Центральный,1
418,6500,Пр. Металлистов,"59.953342167195615,30.4214096",Красногвардейский,1
419,6508,Елецкая ул,"60.0179666756583,30.3217201",Выборгский,3
420,6509,ЦПКиО,"59.984144658049814,30.2558098",Приморский,2
421,6579,Ново-Никольский мост,"59.921795587693552,30.3045998",Центральный,2
422,6580,Юсуповский сад,"59.923753580569489,30.3107414",Центральный,2
423,6581,Сенная пл,"59.925564278842728,30.3149815",Центральный,2
424,6583,"Пл. Стачек. Ст. метро ""Нарвская""","59.901822255456892,30.2747974",Кировский,1
425,6584,"Оборотная станция ""Сенная пл."" (посадки/высадки нет)","59.927272200449224,30.3190594",Центральный,1
426,6585,Вознесенский пр,"59.923561894061059,30.3099308",Центральный,2
427,6586,Нарвский пр,"59.905596639612313,30.276495",Кировский,1
428,6589,"Пл. Стачек (оборотная, посадки/высадки нет)","59.901342720405623,30.2729588",Кировский,1
429,6774,"Ул. Коллонтай, 3","59.912671597686639,30.4406605",Красногвардейский,4
430,6800,Большая Подьяческая ул,"59.922274827397388,30.3058987",Центральный,2
431,6810,Ул. Комиссара Смирнова,"59.962454976092992,30.352272",Калининский,1
432,6845,Омская ул,"59.992483849473878,30.3215008",Калининский,3
433,6868,"Наб. Макарова, ст. метро ""Спортивная""","59.946929214281269,30.2844715",Василеостровский,1
434,6877,Нерчинская ул,"59.914363063261519,30.4472427",Красногвардейский,4
435,6892,"Ул. Ленсовета, 53","59.84184384869905,30.3325634",Московский,1
436,6895,"Бассейн ""Атлантика""","59.843305597135192,30.4841003",Приморский,2
437,6992,"Ст. метро ""Сенная площадь""","59.928042276623131,30.3209286",Центральный,1
438,6994,Апраксин двор,"59.930321597339443,30.3260708",Центральный,1
439,6996,Гостиный двор,"59.932891634492989,30.3324604",Центральный,1
440,6998,Итальянская ул,"59.935553859802589,30.3357964",Центральный,1
441,6999,Инженерная ул,"59.938010582508753,30.3364639",Центральный,1
442,7000,Михайловский замок,"59.940323430873768,30.3360844",Центральный,1
443,7001,Летний сад,"59.941842432859971,30.3350792",Центральный,1
444,7002,Суворовская пл,"59.945704626735136,30.3309517",Центральный,1
445,7135,"Петергофское шоссе, 59","59.847357667401234,30.1363182",Красносельский,2
446,7181,Ул. Белышева,"59.915434736723526,30.45191",Красногвардейский,4
447,7280,"Шоссе Революции, по требованию","59.963542190810244,30.4649734",Красногвардейский,1
448,7282,"Ул. Электропультовцев, по требованию","59.966991639039236,30.462862",Кировский,1
449,7284,"Трамвайное депо ООО ""ТКК"" (посадки/высадки нет)","59.972406103804289,30.4655609",Кировский,1
450,7410,Гранитная ул,"59.920426293259368,30.422308",Красногвардейский,6
451,7421,"Пр. Энергетиков, по требованию","59.928302387203338,30.4355526",Красногвардейский,1
452,7423,"Казанская ул., по требованию","59.924790722294127,30.4311714",Красногвардейский,1
453,7425,Малая Охта,"59.920638537596744,30.42416",Красногвардейский,2
454,7428,"Дальневосточный пр., 12","59.91404806000935,30.4353981",Красногвардейский,4
455,7429,Ул. Еремеева,"59.91617769769654,30.4304638",Красногвардейский,4
456,7460,пр. Стачек,"59.859569221785037,30.2511806",Кировский,2
457,7610,"Конечная станция ""Малая Охта"" (посадки и высадки нет)","59.920748082530089,30.4252701",Красногвардейский,1
458,7797,"Пр. Луначарского, 68","60.038787705226845,30.3533001",Калининский,3
459,8111,Земледельческая ул,"59.99065972414683,30.3326588",Петроградский,3
460,8250,Троицкая пл. П.С,"59.954412581957229,30.3242569",Петроградский,1
461,8388,"Пр. Просвещения, угол Светлановского пр","60.039466505121091,30.4004345",Калининский,2
462,8560,"Ст. метро ""Горный институт""","59.931652839844347,30.2609558",Василеостровский,1
